{
  "id": "3bc01370-e9bf-471c-b491-a8d891f3f9f2",
  "name": "no - compose",
  "auto": true,
  "contexts": [
    "compose",
    "bouquet"
  ],
  "templates": [
    "No",
    "No, give me the usual bouquet."
  ],
  "responses": [
    {
      "resetContexts": false,
      "action": "no-compose",
      "affectedContexts": [
        {
          "name": "no-compose",
          "lifespan": 5
        },
        {
          "name": "bouquet",
          "lifespan": 5
        }
      ],
      "parameters": [
        {
          "name": "compose",
          "value": "no"
        }
      ],
      "speech": "Sure! I can offer you a bouquet for different occasions. For which occasion do you need a bouquet?"
    }
  ],
  "state": "LOADED",
  "priority": 500000,
  "cortanaCommand": {
    "navigateOrService": "NAVIGATE"
  }
}