{
  "id": "eb35fc65-af76-4873-ace6-e7882da1e62c",
  "name": "no-add - compose-choose",
  "auto": true,
  "contexts": [
    "bouquet",
    "compose-add"
  ],
  "templates": [
    "No, that\u0027s all",
    "No thanks",
    "No"
  ],
  "responses": [
    {
      "resetContexts": false,
      "action": "bouquet.ready",
      "affectedContexts": [],
      "parameters": [
        {
          "name": "flower-1",
          "value": "#bouquet.flower-1"
        },
        {
          "name": "amount-1",
          "value": "#bouquet.amount-1"
        },
        {
          "name": "color-1",
          "value": "#bouquet.color-1"
        },
        {
          "name": "flower-2",
          "value": "#bouquet.flower-2"
        },
        {
          "name": "amount-2",
          "value": "#bouquet.amount-2"
        },
        {
          "name": "color-2",
          "value": "#bouquet.color-2"
        }
      ],
      "speech": "Super! You can purchase and get your wonderful bouquet at our office. Thank you for the order!"
    }
  ],
  "state": "LOADED",
  "priority": 500000,
  "cortanaCommand": {
    "navigateOrService": "NAVIGATE"
  }
}