{
  "id": "91aa332a-6ddc-4db2-b822-db083ad036b0",
  "name": "yes - compose-choose",
  "auto": true,
  "contexts": [
    "yes-compose",
    "bouquet"
  ],
  "templates": [
    "add @sys.number:amount-1 @sys.color:color-1 @flower:flower-1",
    "add @sys.number:amount-1 @flower:flower-1",
    "add some @sys.color:color-1 @flower:flower-1",
    "@sys.number:amount-1 @sys.color:color-1 @flower:flower-1",
    "@sys.number:amount-1 @flower:flower-1",
    "@sys.color:color-1 @flower:flower-1"
  ],
  "responses": [
    {
      "resetContexts": false,
      "action": "add.flowers",
      "affectedContexts": [
        {
          "name": "compose-add",
          "lifespan": 5
        },
        {
          "name": "bouquet",
          "lifespan": 5
        }
      ],
      "parameters": [
        {
          "name": "flower-1",
          "value": "$flower-1",
          "defaultValue": ""
        },
        {
          "name": "color-1",
          "value": "$color-1",
          "defaultValue": ""
        },
        {
          "name": "amount-1",
          "value": "$amount-1",
          "defaultValue": ""
        }
      ],
      "speech": "Alright! I put $amount-1 $color-1 $flower-1.original in your lovely bouquet. Should I add anything else?"
    }
  ],
  "state": "LOADED",
  "priority": 500000,
  "cortanaCommand": {
    "navigateOrService": "NAVIGATE"
  }
}